-- ============================================
-- StaffingHub Seed Data
-- Generated from prisma/generate-seed-sql.ts
-- ============================================

BEGIN;

-- Clean existing data
DELETE FROM "proposal_slots";
DELETE FROM "proposals";
DELETE FROM "wellbeing_signals";
DELETE FROM "assignments";
DELETE FROM "consultant_skills";
DELETE FROM "engagement_skills";
DELETE FROM "consultants";
DELETE FROM "engagements";
DELETE FROM "skills";

-- ── Skills ──
INSERT INTO "skills" ("id", "name", "created_at") VALUES ('sk_0001_nWJB993R', 'Financial Modeling', '2026-03-24T12:59:43.332Z');
INSERT INTO "skills" ("id", "name", "created_at") VALUES ('sk_0002_BH1YPdbb', 'Change Management', '2026-03-24T12:59:43.333Z');
INSERT INTO "skills" ("id", "name", "created_at") VALUES ('sk_0003_iwqiB8im', 'Data Analytics', '2026-03-24T12:59:43.333Z');
INSERT INTO "skills" ("id", "name", "created_at") VALUES ('sk_0004_sMcvA2Ba', 'Due Diligence', '2026-03-24T12:59:43.333Z');
INSERT INTO "skills" ("id", "name", "created_at") VALUES ('sk_0005_4WXOi6Gr', 'Process Optimization', '2026-03-24T12:59:43.333Z');
INSERT INTO "skills" ("id", "name", "created_at") VALUES ('sk_0006_7u2UgFjw', 'Digital Strategy', '2026-03-24T12:59:43.333Z');
INSERT INTO "skills" ("id", "name", "created_at") VALUES ('sk_0007_xbYMWTBV', 'Stakeholder Management', '2026-03-24T12:59:43.333Z');
INSERT INTO "skills" ("id", "name", "created_at") VALUES ('sk_0008_5c2kogPm', 'Market Analysis', '2026-03-24T12:59:43.333Z');
INSERT INTO "skills" ("id", "name", "created_at") VALUES ('sk_0009_hx8N4ZLc', 'Risk Assessment', '2026-03-24T12:59:43.333Z');
INSERT INTO "skills" ("id", "name", "created_at") VALUES ('sk_0010_0OHJL4m7', 'Supply Chain', '2026-03-24T12:59:43.333Z');
INSERT INTO "skills" ("id", "name", "created_at") VALUES ('sk_0011_RCk3jkJD', 'M&A Integration', '2026-03-24T12:59:43.333Z');
INSERT INTO "skills" ("id", "name", "created_at") VALUES ('sk_0012_Tt7ILyLu', 'Cost Reduction', '2026-03-24T12:59:43.333Z');
INSERT INTO "skills" ("id", "name", "created_at") VALUES ('sk_0013_wq161Djv', 'Agile Transformation', '2026-03-24T12:59:43.333Z');
INSERT INTO "skills" ("id", "name", "created_at") VALUES ('sk_0014_UfpKe4h9', 'Cloud Migration', '2026-03-24T12:59:43.333Z');
INSERT INTO "skills" ("id", "name", "created_at") VALUES ('sk_0015_VODSNbTx', 'People Analytics', '2026-03-24T12:59:43.333Z');
INSERT INTO "skills" ("id", "name", "created_at") VALUES ('sk_0016_OTj6eqOR', 'Regulatory Compliance', '2026-03-24T12:59:43.333Z');
INSERT INTO "skills" ("id", "name", "created_at") VALUES ('sk_0017_0vpd7kWk', 'Revenue Growth', '2026-03-24T12:59:43.333Z');
INSERT INTO "skills" ("id", "name", "created_at") VALUES ('sk_0018_wHmYXfui', 'Customer Experience', '2026-03-24T12:59:43.333Z');
INSERT INTO "skills" ("id", "name", "created_at") VALUES ('sk_0019_h2Bv3hUe', 'Organizational Design', '2026-03-24T12:59:43.333Z');
INSERT INTO "skills" ("id", "name", "created_at") VALUES ('sk_0020_8uZfFLeJ', 'Performance Management', '2026-03-24T12:59:43.333Z');

-- ── Consultants ──
INSERT INTO "consultants" ("id", "name", "role", "practice_area", "seniority_level", "avatar_url", "status", "created_at", "updated_at") VALUES ('con_0021_mDDx5Pjb', 'Marcelina Langworth', 'Partner', 'strategy', 'partner', 'https://api.dicebear.com/9.x/notionists/svg?seed=EaGnW8l7', 'active', '2026-03-24T12:59:43.333Z', '2026-03-24T12:59:43.333Z');
INSERT INTO "consultants" ("id", "name", "role", "practice_area", "seniority_level", "avatar_url", "status", "created_at", "updated_at") VALUES ('con_0022_e5TTDllJ', 'Ole Boehm', 'Partner', 'operations', 'partner', 'https://api.dicebear.com/9.x/notionists/svg?seed=TB06F09y', 'active', '2026-03-24T12:59:43.333Z', '2026-03-24T12:59:43.333Z');
INSERT INTO "consultants" ("id", "name", "role", "practice_area", "seniority_level", "avatar_url", "status", "created_at", "updated_at") VALUES ('con_0023_KEQEz5mg', 'Mrs. Golda Murray', 'Senior Manager', 'digital', 'senior_manager', 'https://api.dicebear.com/9.x/notionists/svg?seed=ucIh1EaW', 'active', '2026-03-24T12:59:43.333Z', '2026-03-24T12:59:43.333Z');
INSERT INTO "consultants" ("id", "name", "role", "practice_area", "seniority_level", "avatar_url", "status", "created_at", "updated_at") VALUES ('con_0024_XQinQjay', 'Mr. Kenya Morar IV', 'Senior Manager', 'risk', 'senior_manager', 'https://api.dicebear.com/9.x/notionists/svg?seed=SJHHmiOO', 'active', '2026-03-24T12:59:43.333Z', '2026-03-24T12:59:43.333Z');
INSERT INTO "consultants" ("id", "name", "role", "practice_area", "seniority_level", "avatar_url", "status", "created_at", "updated_at") VALUES ('con_0025_NTkn5z2s', 'Mr. Leland Bashirian', 'Senior Manager', 'people', 'senior_manager', 'https://api.dicebear.com/9.x/notionists/svg?seed=7wLdC53w', 'active', '2026-03-24T12:59:43.333Z', '2026-03-24T12:59:43.333Z');
INSERT INTO "consultants" ("id", "name", "role", "practice_area", "seniority_level", "avatar_url", "status", "created_at", "updated_at") VALUES ('con_0026_Ngr41XPH', 'Cecilia Lowe', 'Manager', 'strategy', 'manager', 'https://api.dicebear.com/9.x/notionists/svg?seed=EhXJyBqf', 'active', '2026-03-24T12:59:43.333Z', '2026-03-24T12:59:43.333Z');
INSERT INTO "consultants" ("id", "name", "role", "practice_area", "seniority_level", "avatar_url", "status", "created_at", "updated_at") VALUES ('con_0027_2RHt6uta', 'Mabel Bayer', 'Manager', 'operations', 'manager', 'https://api.dicebear.com/9.x/notionists/svg?seed=CvREa4D1', 'active', '2026-03-24T12:59:43.333Z', '2026-03-24T12:59:43.333Z');
INSERT INTO "consultants" ("id", "name", "role", "practice_area", "seniority_level", "avatar_url", "status", "created_at", "updated_at") VALUES ('con_0028_xWnXUc46', 'Ms. Melba Hamill', 'Manager', 'digital', 'manager', 'https://api.dicebear.com/9.x/notionists/svg?seed=h7HCSJNh', 'active', '2026-03-24T12:59:43.334Z', '2026-03-24T12:59:43.334Z');
INSERT INTO "consultants" ("id", "name", "role", "practice_area", "seniority_level", "avatar_url", "status", "created_at", "updated_at") VALUES ('con_0029_pnMlVRqK', 'Sylvester Shanahan', 'Manager', 'risk', 'manager', 'https://api.dicebear.com/9.x/notionists/svg?seed=To0U5jWW', 'active', '2026-03-24T12:59:43.334Z', '2026-03-24T12:59:43.334Z');
INSERT INTO "consultants" ("id", "name", "role", "practice_area", "seniority_level", "avatar_url", "status", "created_at", "updated_at") VALUES ('con_0030_KNM5u3yr', 'Brian Ruecker', 'Manager', 'people', 'manager', 'https://api.dicebear.com/9.x/notionists/svg?seed=65H4OH55', 'active', '2026-03-24T12:59:43.334Z', '2026-03-24T12:59:43.334Z');
INSERT INTO "consultants" ("id", "name", "role", "practice_area", "seniority_level", "avatar_url", "status", "created_at", "updated_at") VALUES ('con_0031_n5MyqU6u', 'Annette Carroll', 'Consultant', 'strategy', 'consultant', 'https://api.dicebear.com/9.x/notionists/svg?seed=KAXnhRdX', 'active', '2026-03-24T12:59:43.334Z', '2026-03-24T12:59:43.334Z');
INSERT INTO "consultants" ("id", "name", "role", "practice_area", "seniority_level", "avatar_url", "status", "created_at", "updated_at") VALUES ('con_0032_wZ4yYwDH', 'Kolby Bayer', 'Consultant', 'operations', 'consultant', 'https://api.dicebear.com/9.x/notionists/svg?seed=WTsChbsl', 'active', '2026-03-24T12:59:43.334Z', '2026-03-24T12:59:43.334Z');
INSERT INTO "consultants" ("id", "name", "role", "practice_area", "seniority_level", "avatar_url", "status", "created_at", "updated_at") VALUES ('con_0033_jOGaUOWI', 'Tomas Bayer', 'Consultant', 'digital', 'consultant', 'https://api.dicebear.com/9.x/notionists/svg?seed=nOZ9AnYQ', 'active', '2026-03-24T12:59:43.334Z', '2026-03-24T12:59:43.334Z');
INSERT INTO "consultants" ("id", "name", "role", "practice_area", "seniority_level", "avatar_url", "status", "created_at", "updated_at") VALUES ('con_0034_ZZyLWQfr', 'Layne Osinski', 'Consultant', 'risk', 'consultant', 'https://api.dicebear.com/9.x/notionists/svg?seed=m7FwLwQy', 'active', '2026-03-24T12:59:43.334Z', '2026-03-24T12:59:43.334Z');
INSERT INTO "consultants" ("id", "name", "role", "practice_area", "seniority_level", "avatar_url", "status", "created_at", "updated_at") VALUES ('con_0035_CHd80lAo', 'Fausto Sawayn', 'Consultant', 'people', 'consultant', 'https://api.dicebear.com/9.x/notionists/svg?seed=CRW9Vugs', 'active', '2026-03-24T12:59:43.334Z', '2026-03-24T12:59:43.334Z');
INSERT INTO "consultants" ("id", "name", "role", "practice_area", "seniority_level", "avatar_url", "status", "created_at", "updated_at") VALUES ('con_0036_798DblTt', 'Conrad Cummings', 'Consultant', 'strategy', 'consultant', 'https://api.dicebear.com/9.x/notionists/svg?seed=a57scmvG', 'active', '2026-03-24T12:59:43.334Z', '2026-03-24T12:59:43.334Z');
INSERT INTO "consultants" ("id", "name", "role", "practice_area", "seniority_level", "avatar_url", "status", "created_at", "updated_at") VALUES ('con_0037_SV3hNKbc', 'Mable Koepp', 'Analyst', 'operations', 'analyst', 'https://api.dicebear.com/9.x/notionists/svg?seed=2fITvw6r', 'active', '2026-03-24T12:59:43.334Z', '2026-03-24T12:59:43.334Z');
INSERT INTO "consultants" ("id", "name", "role", "practice_area", "seniority_level", "avatar_url", "status", "created_at", "updated_at") VALUES ('con_0038_dk7TAGMu', 'Lorene Kemmer', 'Analyst', 'digital', 'analyst', 'https://api.dicebear.com/9.x/notionists/svg?seed=hmEzmZBe', 'active', '2026-03-24T12:59:43.334Z', '2026-03-24T12:59:43.334Z');
INSERT INTO "consultants" ("id", "name", "role", "practice_area", "seniority_level", "avatar_url", "status", "created_at", "updated_at") VALUES ('con_0039_bhaT4wpY', 'Vickie Schumm', 'Analyst', 'risk', 'analyst', 'https://api.dicebear.com/9.x/notionists/svg?seed=aFVyzhLb', 'active', '2026-03-24T12:59:43.334Z', '2026-03-24T12:59:43.334Z');
INSERT INTO "consultants" ("id", "name", "role", "practice_area", "seniority_level", "avatar_url", "status", "created_at", "updated_at") VALUES ('con_0040_BhA9tx3k', 'Wilma Schroeder', 'Analyst', 'people', 'analyst', 'https://api.dicebear.com/9.x/notionists/svg?seed=GLAtplVP', 'active', '2026-03-24T12:59:43.334Z', '2026-03-24T12:59:43.334Z');

-- ── Consultant Skills ──
INSERT INTO "consultant_skills" ("consultant_id", "skill_id") VALUES ('con_0021_mDDx5Pjb', 'sk_0008_5c2kogPm');
INSERT INTO "consultant_skills" ("consultant_id", "skill_id") VALUES ('con_0021_mDDx5Pjb', 'sk_0009_hx8N4ZLc');
INSERT INTO "consultant_skills" ("consultant_id", "skill_id") VALUES ('con_0021_mDDx5Pjb', 'sk_0014_UfpKe4h9');
INSERT INTO "consultant_skills" ("consultant_id", "skill_id") VALUES ('con_0021_mDDx5Pjb', 'sk_0012_Tt7ILyLu');
INSERT INTO "consultant_skills" ("consultant_id", "skill_id") VALUES ('con_0021_mDDx5Pjb', 'sk_0005_4WXOi6Gr');
INSERT INTO "consultant_skills" ("consultant_id", "skill_id") VALUES ('con_0021_mDDx5Pjb', 'sk_0018_wHmYXfui');
INSERT INTO "consultant_skills" ("consultant_id", "skill_id") VALUES ('con_0022_e5TTDllJ', 'sk_0006_7u2UgFjw');
INSERT INTO "consultant_skills" ("consultant_id", "skill_id") VALUES ('con_0022_e5TTDllJ', 'sk_0019_h2Bv3hUe');
INSERT INTO "consultant_skills" ("consultant_id", "skill_id") VALUES ('con_0022_e5TTDllJ', 'sk_0013_wq161Djv');
INSERT INTO "consultant_skills" ("consultant_id", "skill_id") VALUES ('con_0022_e5TTDllJ', 'sk_0005_4WXOi6Gr');
INSERT INTO "consultant_skills" ("consultant_id", "skill_id") VALUES ('con_0022_e5TTDllJ', 'sk_0014_UfpKe4h9');
INSERT INTO "consultant_skills" ("consultant_id", "skill_id") VALUES ('con_0023_KEQEz5mg', 'sk_0015_VODSNbTx');
INSERT INTO "consultant_skills" ("consultant_id", "skill_id") VALUES ('con_0023_KEQEz5mg', 'sk_0007_xbYMWTBV');
INSERT INTO "consultant_skills" ("consultant_id", "skill_id") VALUES ('con_0023_KEQEz5mg', 'sk_0016_OTj6eqOR');
INSERT INTO "consultant_skills" ("consultant_id", "skill_id") VALUES ('con_0023_KEQEz5mg', 'sk_0001_nWJB993R');
INSERT INTO "consultant_skills" ("consultant_id", "skill_id") VALUES ('con_0023_KEQEz5mg', 'sk_0008_5c2kogPm');
INSERT INTO "consultant_skills" ("consultant_id", "skill_id") VALUES ('con_0023_KEQEz5mg', 'sk_0019_h2Bv3hUe');
INSERT INTO "consultant_skills" ("consultant_id", "skill_id") VALUES ('con_0024_XQinQjay', 'sk_0016_OTj6eqOR');
INSERT INTO "consultant_skills" ("consultant_id", "skill_id") VALUES ('con_0024_XQinQjay', 'sk_0011_RCk3jkJD');
INSERT INTO "consultant_skills" ("consultant_id", "skill_id") VALUES ('con_0024_XQinQjay', 'sk_0014_UfpKe4h9');
INSERT INTO "consultant_skills" ("consultant_id", "skill_id") VALUES ('con_0024_XQinQjay', 'sk_0020_8uZfFLeJ');
INSERT INTO "consultant_skills" ("consultant_id", "skill_id") VALUES ('con_0024_XQinQjay', 'sk_0010_0OHJL4m7');
INSERT INTO "consultant_skills" ("consultant_id", "skill_id") VALUES ('con_0024_XQinQjay', 'sk_0019_h2Bv3hUe');
INSERT INTO "consultant_skills" ("consultant_id", "skill_id") VALUES ('con_0025_NTkn5z2s', 'sk_0006_7u2UgFjw');
INSERT INTO "consultant_skills" ("consultant_id", "skill_id") VALUES ('con_0025_NTkn5z2s', 'sk_0009_hx8N4ZLc');
INSERT INTO "consultant_skills" ("consultant_id", "skill_id") VALUES ('con_0025_NTkn5z2s', 'sk_0018_wHmYXfui');
INSERT INTO "consultant_skills" ("consultant_id", "skill_id") VALUES ('con_0025_NTkn5z2s', 'sk_0014_UfpKe4h9');
INSERT INTO "consultant_skills" ("consultant_id", "skill_id") VALUES ('con_0025_NTkn5z2s', 'sk_0013_wq161Djv');
INSERT INTO "consultant_skills" ("consultant_id", "skill_id") VALUES ('con_0026_Ngr41XPH', 'sk_0019_h2Bv3hUe');
INSERT INTO "consultant_skills" ("consultant_id", "skill_id") VALUES ('con_0026_Ngr41XPH', 'sk_0003_iwqiB8im');
INSERT INTO "consultant_skills" ("consultant_id", "skill_id") VALUES ('con_0026_Ngr41XPH', 'sk_0001_nWJB993R');
INSERT INTO "consultant_skills" ("consultant_id", "skill_id") VALUES ('con_0026_Ngr41XPH', 'sk_0016_OTj6eqOR');
INSERT INTO "consultant_skills" ("consultant_id", "skill_id") VALUES ('con_0027_2RHt6uta', 'sk_0008_5c2kogPm');
INSERT INTO "consultant_skills" ("consultant_id", "skill_id") VALUES ('con_0027_2RHt6uta', 'sk_0020_8uZfFLeJ');
INSERT INTO "consultant_skills" ("consultant_id", "skill_id") VALUES ('con_0027_2RHt6uta', 'sk_0007_xbYMWTBV');
INSERT INTO "consultant_skills" ("consultant_id", "skill_id") VALUES ('con_0027_2RHt6uta', 'sk_0011_RCk3jkJD');
INSERT INTO "consultant_skills" ("consultant_id", "skill_id") VALUES ('con_0027_2RHt6uta', 'sk_0019_h2Bv3hUe');
INSERT INTO "consultant_skills" ("consultant_id", "skill_id") VALUES ('con_0028_xWnXUc46', 'sk_0018_wHmYXfui');
INSERT INTO "consultant_skills" ("consultant_id", "skill_id") VALUES ('con_0028_xWnXUc46', 'sk_0020_8uZfFLeJ');
INSERT INTO "consultant_skills" ("consultant_id", "skill_id") VALUES ('con_0028_xWnXUc46', 'sk_0016_OTj6eqOR');
INSERT INTO "consultant_skills" ("consultant_id", "skill_id") VALUES ('con_0029_pnMlVRqK', 'sk_0011_RCk3jkJD');
INSERT INTO "consultant_skills" ("consultant_id", "skill_id") VALUES ('con_0029_pnMlVRqK', 'sk_0018_wHmYXfui');
INSERT INTO "consultant_skills" ("consultant_id", "skill_id") VALUES ('con_0029_pnMlVRqK', 'sk_0006_7u2UgFjw');
INSERT INTO "consultant_skills" ("consultant_id", "skill_id") VALUES ('con_0029_pnMlVRqK', 'sk_0009_hx8N4ZLc');
INSERT INTO "consultant_skills" ("consultant_id", "skill_id") VALUES ('con_0029_pnMlVRqK', 'sk_0013_wq161Djv');
INSERT INTO "consultant_skills" ("consultant_id", "skill_id") VALUES ('con_0030_KNM5u3yr', 'sk_0012_Tt7ILyLu');
INSERT INTO "consultant_skills" ("consultant_id", "skill_id") VALUES ('con_0030_KNM5u3yr', 'sk_0016_OTj6eqOR');
INSERT INTO "consultant_skills" ("consultant_id", "skill_id") VALUES ('con_0030_KNM5u3yr', 'sk_0017_0vpd7kWk');
INSERT INTO "consultant_skills" ("consultant_id", "skill_id") VALUES ('con_0030_KNM5u3yr', 'sk_0015_VODSNbTx');
INSERT INTO "consultant_skills" ("consultant_id", "skill_id") VALUES ('con_0030_KNM5u3yr', 'sk_0020_8uZfFLeJ');
INSERT INTO "consultant_skills" ("consultant_id", "skill_id") VALUES ('con_0030_KNM5u3yr', 'sk_0008_5c2kogPm');
INSERT INTO "consultant_skills" ("consultant_id", "skill_id") VALUES ('con_0031_n5MyqU6u', 'sk_0017_0vpd7kWk');
INSERT INTO "consultant_skills" ("consultant_id", "skill_id") VALUES ('con_0031_n5MyqU6u', 'sk_0001_nWJB993R');
INSERT INTO "consultant_skills" ("consultant_id", "skill_id") VALUES ('con_0031_n5MyqU6u', 'sk_0020_8uZfFLeJ');
INSERT INTO "consultant_skills" ("consultant_id", "skill_id") VALUES ('con_0032_wZ4yYwDH', 'sk_0009_hx8N4ZLc');
INSERT INTO "consultant_skills" ("consultant_id", "skill_id") VALUES ('con_0032_wZ4yYwDH', 'sk_0012_Tt7ILyLu');
INSERT INTO "consultant_skills" ("consultant_id", "skill_id") VALUES ('con_0032_wZ4yYwDH', 'sk_0018_wHmYXfui');
INSERT INTO "consultant_skills" ("consultant_id", "skill_id") VALUES ('con_0032_wZ4yYwDH', 'sk_0019_h2Bv3hUe');
INSERT INTO "consultant_skills" ("consultant_id", "skill_id") VALUES ('con_0032_wZ4yYwDH', 'sk_0002_BH1YPdbb');
INSERT INTO "consultant_skills" ("consultant_id", "skill_id") VALUES ('con_0033_jOGaUOWI', 'sk_0013_wq161Djv');
INSERT INTO "consultant_skills" ("consultant_id", "skill_id") VALUES ('con_0033_jOGaUOWI', 'sk_0014_UfpKe4h9');
INSERT INTO "consultant_skills" ("consultant_id", "skill_id") VALUES ('con_0033_jOGaUOWI', 'sk_0001_nWJB993R');
INSERT INTO "consultant_skills" ("consultant_id", "skill_id") VALUES ('con_0033_jOGaUOWI', 'sk_0005_4WXOi6Gr');
INSERT INTO "consultant_skills" ("consultant_id", "skill_id") VALUES ('con_0033_jOGaUOWI', 'sk_0008_5c2kogPm');
INSERT INTO "consultant_skills" ("consultant_id", "skill_id") VALUES ('con_0033_jOGaUOWI', 'sk_0010_0OHJL4m7');
INSERT INTO "consultant_skills" ("consultant_id", "skill_id") VALUES ('con_0034_ZZyLWQfr', 'sk_0013_wq161Djv');
INSERT INTO "consultant_skills" ("consultant_id", "skill_id") VALUES ('con_0034_ZZyLWQfr', 'sk_0001_nWJB993R');
INSERT INTO "consultant_skills" ("consultant_id", "skill_id") VALUES ('con_0034_ZZyLWQfr', 'sk_0003_iwqiB8im');
INSERT INTO "consultant_skills" ("consultant_id", "skill_id") VALUES ('con_0034_ZZyLWQfr', 'sk_0008_5c2kogPm');
INSERT INTO "consultant_skills" ("consultant_id", "skill_id") VALUES ('con_0034_ZZyLWQfr', 'sk_0018_wHmYXfui');
INSERT INTO "consultant_skills" ("consultant_id", "skill_id") VALUES ('con_0035_CHd80lAo', 'sk_0016_OTj6eqOR');
INSERT INTO "consultant_skills" ("consultant_id", "skill_id") VALUES ('con_0035_CHd80lAo', 'sk_0002_BH1YPdbb');
INSERT INTO "consultant_skills" ("consultant_id", "skill_id") VALUES ('con_0035_CHd80lAo', 'sk_0005_4WXOi6Gr');
INSERT INTO "consultant_skills" ("consultant_id", "skill_id") VALUES ('con_0035_CHd80lAo', 'sk_0012_Tt7ILyLu');
INSERT INTO "consultant_skills" ("consultant_id", "skill_id") VALUES ('con_0035_CHd80lAo', 'sk_0007_xbYMWTBV');
INSERT INTO "consultant_skills" ("consultant_id", "skill_id") VALUES ('con_0035_CHd80lAo', 'sk_0010_0OHJL4m7');
INSERT INTO "consultant_skills" ("consultant_id", "skill_id") VALUES ('con_0036_798DblTt', 'sk_0002_BH1YPdbb');
INSERT INTO "consultant_skills" ("consultant_id", "skill_id") VALUES ('con_0036_798DblTt', 'sk_0012_Tt7ILyLu');
INSERT INTO "consultant_skills" ("consultant_id", "skill_id") VALUES ('con_0036_798DblTt', 'sk_0016_OTj6eqOR');
INSERT INTO "consultant_skills" ("consultant_id", "skill_id") VALUES ('con_0037_SV3hNKbc', 'sk_0019_h2Bv3hUe');
INSERT INTO "consultant_skills" ("consultant_id", "skill_id") VALUES ('con_0037_SV3hNKbc', 'sk_0001_nWJB993R');
INSERT INTO "consultant_skills" ("consultant_id", "skill_id") VALUES ('con_0037_SV3hNKbc', 'sk_0007_xbYMWTBV');
INSERT INTO "consultant_skills" ("consultant_id", "skill_id") VALUES ('con_0037_SV3hNKbc', 'sk_0006_7u2UgFjw');
INSERT INTO "consultant_skills" ("consultant_id", "skill_id") VALUES ('con_0037_SV3hNKbc', 'sk_0005_4WXOi6Gr');
INSERT INTO "consultant_skills" ("consultant_id", "skill_id") VALUES ('con_0038_dk7TAGMu', 'sk_0003_iwqiB8im');
INSERT INTO "consultant_skills" ("consultant_id", "skill_id") VALUES ('con_0038_dk7TAGMu', 'sk_0005_4WXOi6Gr');
INSERT INTO "consultant_skills" ("consultant_id", "skill_id") VALUES ('con_0038_dk7TAGMu', 'sk_0004_sMcvA2Ba');
INSERT INTO "consultant_skills" ("consultant_id", "skill_id") VALUES ('con_0039_bhaT4wpY', 'sk_0002_BH1YPdbb');
INSERT INTO "consultant_skills" ("consultant_id", "skill_id") VALUES ('con_0039_bhaT4wpY', 'sk_0005_4WXOi6Gr');
INSERT INTO "consultant_skills" ("consultant_id", "skill_id") VALUES ('con_0039_bhaT4wpY', 'sk_0010_0OHJL4m7');
INSERT INTO "consultant_skills" ("consultant_id", "skill_id") VALUES ('con_0039_bhaT4wpY', 'sk_0009_hx8N4ZLc');
INSERT INTO "consultant_skills" ("consultant_id", "skill_id") VALUES ('con_0040_BhA9tx3k', 'sk_0012_Tt7ILyLu');
INSERT INTO "consultant_skills" ("consultant_id", "skill_id") VALUES ('con_0040_BhA9tx3k', 'sk_0002_BH1YPdbb');
INSERT INTO "consultant_skills" ("consultant_id", "skill_id") VALUES ('con_0040_BhA9tx3k', 'sk_0004_sMcvA2Ba');
INSERT INTO "consultant_skills" ("consultant_id", "skill_id") VALUES ('con_0040_BhA9tx3k', 'sk_0017_0vpd7kWk');
INSERT INTO "consultant_skills" ("consultant_id", "skill_id") VALUES ('con_0040_BhA9tx3k', 'sk_0014_UfpKe4h9');
INSERT INTO "consultant_skills" ("consultant_id", "skill_id") VALUES ('con_0040_BhA9tx3k', 'sk_0003_iwqiB8im');

-- ── Engagements ──
INSERT INTO "engagements" ("id", "client_name", "project_name", "start_date", "end_date", "status", "color", "created_at", "updated_at") VALUES ('eng_0041_zQ8NcaaO', 'Meridian Financial', 'Post-Merger Integration', '2026-03-09', '2026-03-30', 'completed', '#4F46E5', '2026-03-24T12:59:43.334Z', '2026-03-24T12:59:43.334Z');
INSERT INTO "engagement_skills" ("engagement_id", "skill_id") VALUES ('eng_0041_zQ8NcaaO', 'sk_0019_h2Bv3hUe');
INSERT INTO "engagement_skills" ("engagement_id", "skill_id") VALUES ('eng_0041_zQ8NcaaO', 'sk_0016_OTj6eqOR');
INSERT INTO "engagement_skills" ("engagement_id", "skill_id") VALUES ('eng_0041_zQ8NcaaO', 'sk_0007_xbYMWTBV');
INSERT INTO "engagement_skills" ("engagement_id", "skill_id") VALUES ('eng_0041_zQ8NcaaO', 'sk_0011_RCk3jkJD');
INSERT INTO "engagements" ("id", "client_name", "project_name", "start_date", "end_date", "status", "color", "created_at", "updated_at") VALUES ('eng_0042_OrnsiKve', 'Atlas Manufacturing', 'Supply Chain Transformation', '2026-03-16', '2026-04-13', 'active', '#0891B2', '2026-03-24T12:59:43.334Z', '2026-03-24T12:59:43.334Z');
INSERT INTO "engagement_skills" ("engagement_id", "skill_id") VALUES ('eng_0042_OrnsiKve', 'sk_0002_BH1YPdbb');
INSERT INTO "engagement_skills" ("engagement_id", "skill_id") VALUES ('eng_0042_OrnsiKve', 'sk_0019_h2Bv3hUe');
INSERT INTO "engagement_skills" ("engagement_id", "skill_id") VALUES ('eng_0042_OrnsiKve', 'sk_0017_0vpd7kWk');
INSERT INTO "engagement_skills" ("engagement_id", "skill_id") VALUES ('eng_0042_OrnsiKve', 'sk_0011_RCk3jkJD');
INSERT INTO "engagement_skills" ("engagement_id", "skill_id") VALUES ('eng_0042_OrnsiKve', 'sk_0008_5c2kogPm');
INSERT INTO "engagements" ("id", "client_name", "project_name", "start_date", "end_date", "status", "color", "created_at", "updated_at") VALUES ('eng_0043_WCk8NCxT', 'Zenith Healthcare', 'Digital Patient Experience', '2026-03-23', '2026-05-04', 'active', '#059669', '2026-03-24T12:59:43.334Z', '2026-03-24T12:59:43.334Z');
INSERT INTO "engagement_skills" ("engagement_id", "skill_id") VALUES ('eng_0043_WCk8NCxT', 'sk_0001_nWJB993R');
INSERT INTO "engagement_skills" ("engagement_id", "skill_id") VALUES ('eng_0043_WCk8NCxT', 'sk_0013_wq161Djv');
INSERT INTO "engagement_skills" ("engagement_id", "skill_id") VALUES ('eng_0043_WCk8NCxT', 'sk_0005_4WXOi6Gr');
INSERT INTO "engagement_skills" ("engagement_id", "skill_id") VALUES ('eng_0043_WCk8NCxT', 'sk_0006_7u2UgFjw');
INSERT INTO "engagement_skills" ("engagement_id", "skill_id") VALUES ('eng_0043_WCk8NCxT', 'sk_0004_sMcvA2Ba');
INSERT INTO "engagements" ("id", "client_name", "project_name", "start_date", "end_date", "status", "color", "created_at", "updated_at") VALUES ('eng_0044_zLSlO6Q7', 'Vanguard Retail', 'Omnichannel Strategy', '2026-03-30', '2026-05-25', 'upcoming', '#D97706', '2026-03-24T12:59:43.334Z', '2026-03-24T12:59:43.334Z');
INSERT INTO "engagement_skills" ("engagement_id", "skill_id") VALUES ('eng_0044_zLSlO6Q7', 'sk_0013_wq161Djv');
INSERT INTO "engagement_skills" ("engagement_id", "skill_id") VALUES ('eng_0044_zLSlO6Q7', 'sk_0005_4WXOi6Gr');
INSERT INTO "engagement_skills" ("engagement_id", "skill_id") VALUES ('eng_0044_zLSlO6Q7', 'sk_0003_iwqiB8im');
INSERT INTO "engagement_skills" ("engagement_id", "skill_id") VALUES ('eng_0044_zLSlO6Q7', 'sk_0016_OTj6eqOR');
INSERT INTO "engagements" ("id", "client_name", "project_name", "start_date", "end_date", "status", "color", "created_at", "updated_at") VALUES ('eng_0045_IDHxflbU', 'Pinnacle Energy', 'Regulatory Compliance Review', '2026-03-02', '2026-04-06', 'at_risk', '#DC2626', '2026-03-24T12:59:43.334Z', '2026-03-24T12:59:43.334Z');
INSERT INTO "engagement_skills" ("engagement_id", "skill_id") VALUES ('eng_0045_IDHxflbU', 'sk_0003_iwqiB8im');
INSERT INTO "engagement_skills" ("engagement_id", "skill_id") VALUES ('eng_0045_IDHxflbU', 'sk_0018_wHmYXfui');
INSERT INTO "engagement_skills" ("engagement_id", "skill_id") VALUES ('eng_0045_IDHxflbU', 'sk_0020_8uZfFLeJ');
INSERT INTO "engagement_skills" ("engagement_id", "skill_id") VALUES ('eng_0045_IDHxflbU', 'sk_0009_hx8N4ZLc');
INSERT INTO "engagements" ("id", "client_name", "project_name", "start_date", "end_date", "status", "color", "created_at", "updated_at") VALUES ('eng_0046_AvB1SVzH', 'Horizon Telecom', 'Cost Optimization Program', '2026-04-06', '2026-06-15', 'upcoming', '#7C3AED', '2026-03-24T12:59:43.334Z', '2026-03-24T12:59:43.334Z');
INSERT INTO "engagement_skills" ("engagement_id", "skill_id") VALUES ('eng_0046_AvB1SVzH', 'sk_0007_xbYMWTBV');
INSERT INTO "engagement_skills" ("engagement_id", "skill_id") VALUES ('eng_0046_AvB1SVzH', 'sk_0018_wHmYXfui');
INSERT INTO "engagement_skills" ("engagement_id", "skill_id") VALUES ('eng_0046_AvB1SVzH', 'sk_0011_RCk3jkJD');
INSERT INTO "engagement_skills" ("engagement_id", "skill_id") VALUES ('eng_0046_AvB1SVzH', 'sk_0003_iwqiB8im');
INSERT INTO "engagement_skills" ("engagement_id", "skill_id") VALUES ('eng_0046_AvB1SVzH', 'sk_0015_VODSNbTx');
INSERT INTO "engagements" ("id", "client_name", "project_name", "start_date", "end_date", "status", "color", "created_at", "updated_at") VALUES ('eng_0047_JVVr7ZQ7', 'Sterling Insurance', 'Agile Transformation', '2026-03-16', '2026-05-04', 'active', '#DB2777', '2026-03-24T12:59:43.334Z', '2026-03-24T12:59:43.334Z');
INSERT INTO "engagement_skills" ("engagement_id", "skill_id") VALUES ('eng_0047_JVVr7ZQ7', 'sk_0001_nWJB993R');
INSERT INTO "engagement_skills" ("engagement_id", "skill_id") VALUES ('eng_0047_JVVr7ZQ7', 'sk_0007_xbYMWTBV');
INSERT INTO "engagement_skills" ("engagement_id", "skill_id") VALUES ('eng_0047_JVVr7ZQ7', 'sk_0011_RCk3jkJD');
INSERT INTO "engagement_skills" ("engagement_id", "skill_id") VALUES ('eng_0047_JVVr7ZQ7', 'sk_0010_0OHJL4m7');
INSERT INTO "engagement_skills" ("engagement_id", "skill_id") VALUES ('eng_0047_JVVr7ZQ7', 'sk_0018_wHmYXfui');
INSERT INTO "engagements" ("id", "client_name", "project_name", "start_date", "end_date", "status", "color", "created_at", "updated_at") VALUES ('eng_0048_kN0koxVl', 'Nova Pharmaceuticals', 'Market Entry Assessment', '2026-04-13', '2026-07-06', 'upcoming', '#2563EB', '2026-03-24T12:59:43.334Z', '2026-03-24T12:59:43.334Z');
INSERT INTO "engagement_skills" ("engagement_id", "skill_id") VALUES ('eng_0048_kN0koxVl', 'sk_0008_5c2kogPm');
INSERT INTO "engagement_skills" ("engagement_id", "skill_id") VALUES ('eng_0048_kN0koxVl', 'sk_0005_4WXOi6Gr');
INSERT INTO "engagement_skills" ("engagement_id", "skill_id") VALUES ('eng_0048_kN0koxVl', 'sk_0009_hx8N4ZLc');
INSERT INTO "engagement_skills" ("engagement_id", "skill_id") VALUES ('eng_0048_kN0koxVl', 'sk_0015_VODSNbTx');

-- ── Assignments ──
INSERT INTO "assignments" ("id", "consultant_id", "engagement_id", "role", "start_date", "end_date", "allocation_percentage", "created_at", "updated_at") VALUES ('asgn_0049_8aupUmzD', 'con_0021_mDDx5Pjb', 'eng_0041_zQ8NcaaO', 'lead', '2026-03-09', '2026-03-30', 100, '2026-03-24T12:59:43.334Z', '2026-03-24T12:59:43.334Z');
INSERT INTO "assignments" ("id", "consultant_id", "engagement_id", "role", "start_date", "end_date", "allocation_percentage", "created_at", "updated_at") VALUES ('asgn_0050_0FbX9p5Z', 'con_0023_KEQEz5mg', 'eng_0041_zQ8NcaaO', 'manager', '2026-03-09', '2026-03-30', 80, '2026-03-24T12:59:43.334Z', '2026-03-24T12:59:43.334Z');
INSERT INTO "assignments" ("id", "consultant_id", "engagement_id", "role", "start_date", "end_date", "allocation_percentage", "created_at", "updated_at") VALUES ('asgn_0051_vA4KdTcb', 'con_0026_Ngr41XPH', 'eng_0041_zQ8NcaaO', 'consultant', '2026-03-09', '2026-03-30', 100, '2026-03-24T12:59:43.334Z', '2026-03-24T12:59:43.334Z');
INSERT INTO "assignments" ("id", "consultant_id", "engagement_id", "role", "start_date", "end_date", "allocation_percentage", "created_at", "updated_at") VALUES ('asgn_0052_2tz4Mswr', 'con_0031_n5MyqU6u', 'eng_0041_zQ8NcaaO', 'analyst', '2026-03-09', '2026-03-30', 100, '2026-03-24T12:59:43.334Z', '2026-03-24T12:59:43.334Z');
INSERT INTO "assignments" ("id", "consultant_id", "engagement_id", "role", "start_date", "end_date", "allocation_percentage", "created_at", "updated_at") VALUES ('asgn_0053_oy9bRWng', 'con_0022_e5TTDllJ', 'eng_0042_OrnsiKve', 'lead', '2026-03-16', '2026-04-13', 60, '2026-03-24T12:59:43.334Z', '2026-03-24T12:59:43.334Z');
INSERT INTO "assignments" ("id", "consultant_id", "engagement_id", "role", "start_date", "end_date", "allocation_percentage", "created_at", "updated_at") VALUES ('asgn_0054_Dp19IE1d', 'con_0027_2RHt6uta', 'eng_0042_OrnsiKve', 'consultant', '2026-03-16', '2026-04-13', 100, '2026-03-24T12:59:43.334Z', '2026-03-24T12:59:43.334Z');
INSERT INTO "assignments" ("id", "consultant_id", "engagement_id", "role", "start_date", "end_date", "allocation_percentage", "created_at", "updated_at") VALUES ('asgn_0055_eF16NbEe', 'con_0032_wZ4yYwDH', 'eng_0042_OrnsiKve', 'analyst', '2026-03-16', '2026-04-13', 100, '2026-03-24T12:59:43.334Z', '2026-03-24T12:59:43.334Z');
INSERT INTO "assignments" ("id", "consultant_id", "engagement_id", "role", "start_date", "end_date", "allocation_percentage", "created_at", "updated_at") VALUES ('asgn_0056_6fIRPoFc', 'con_0023_KEQEz5mg', 'eng_0043_WCk8NCxT', 'lead', '2026-03-23', '2026-05-04', 80, '2026-03-24T12:59:43.335Z', '2026-03-24T12:59:43.335Z');
INSERT INTO "assignments" ("id", "consultant_id", "engagement_id", "role", "start_date", "end_date", "allocation_percentage", "created_at", "updated_at") VALUES ('asgn_0057_iT05c1bA', 'con_0028_xWnXUc46', 'eng_0043_WCk8NCxT', 'manager', '2026-03-23', '2026-05-04', 80, '2026-03-24T12:59:43.335Z', '2026-03-24T12:59:43.335Z');
INSERT INTO "assignments" ("id", "consultant_id", "engagement_id", "role", "start_date", "end_date", "allocation_percentage", "created_at", "updated_at") VALUES ('asgn_0058_qTOlgnAg', 'con_0033_jOGaUOWI', 'eng_0043_WCk8NCxT', 'consultant', '2026-03-23', '2026-05-04', 80, '2026-03-24T12:59:43.335Z', '2026-03-24T12:59:43.335Z');
INSERT INTO "assignments" ("id", "consultant_id", "engagement_id", "role", "start_date", "end_date", "allocation_percentage", "created_at", "updated_at") VALUES ('asgn_0059_CpyriWL8', 'con_0037_SV3hNKbc', 'eng_0043_WCk8NCxT', 'analyst', '2026-03-23', '2026-05-04', 80, '2026-03-24T12:59:43.335Z', '2026-03-24T12:59:43.335Z');
INSERT INTO "assignments" ("id", "consultant_id", "engagement_id", "role", "start_date", "end_date", "allocation_percentage", "created_at", "updated_at") VALUES ('asgn_0060_RuTNq1gx', 'con_0024_XQinQjay', 'eng_0044_zLSlO6Q7', 'lead', '2026-03-30', '2026-05-25', 100, '2026-03-24T12:59:43.335Z', '2026-03-24T12:59:43.335Z');
INSERT INTO "assignments" ("id", "consultant_id", "engagement_id", "role", "start_date", "end_date", "allocation_percentage", "created_at", "updated_at") VALUES ('asgn_0061_Df8PZwag', 'con_0029_pnMlVRqK', 'eng_0044_zLSlO6Q7', 'manager', '2026-03-30', '2026-05-25', 100, '2026-03-24T12:59:43.335Z', '2026-03-24T12:59:43.335Z');
INSERT INTO "assignments" ("id", "consultant_id", "engagement_id", "role", "start_date", "end_date", "allocation_percentage", "created_at", "updated_at") VALUES ('asgn_0062_1U7zgyEP', 'con_0034_ZZyLWQfr', 'eng_0044_zLSlO6Q7', 'consultant', '2026-03-30', '2026-05-25', 100, '2026-03-24T12:59:43.335Z', '2026-03-24T12:59:43.335Z');
INSERT INTO "assignments" ("id", "consultant_id", "engagement_id", "role", "start_date", "end_date", "allocation_percentage", "created_at", "updated_at") VALUES ('asgn_0063_c08TSBBF', 'con_0021_mDDx5Pjb', 'eng_0045_IDHxflbU', 'lead', '2026-03-02', '2026-04-06', 40, '2026-03-24T12:59:43.335Z', '2026-03-24T12:59:43.335Z');
INSERT INTO "assignments" ("id", "consultant_id", "engagement_id", "role", "start_date", "end_date", "allocation_percentage", "created_at", "updated_at") VALUES ('asgn_0064_aUpnw2aJ', 'con_0025_NTkn5z2s', 'eng_0045_IDHxflbU', 'manager', '2026-03-02', '2026-04-06', 80, '2026-03-24T12:59:43.335Z', '2026-03-24T12:59:43.335Z');
INSERT INTO "assignments" ("id", "consultant_id", "engagement_id", "role", "start_date", "end_date", "allocation_percentage", "created_at", "updated_at") VALUES ('asgn_0065_5BfohmIi', 'con_0030_KNM5u3yr', 'eng_0045_IDHxflbU', 'consultant', '2026-03-02', '2026-04-06', 80, '2026-03-24T12:59:43.335Z', '2026-03-24T12:59:43.335Z');
INSERT INTO "assignments" ("id", "consultant_id", "engagement_id", "role", "start_date", "end_date", "allocation_percentage", "created_at", "updated_at") VALUES ('asgn_0066_ztFWJd1g', 'con_0035_CHd80lAo', 'eng_0045_IDHxflbU', 'consultant', '2026-03-02', '2026-04-06', 80, '2026-03-24T12:59:43.335Z', '2026-03-24T12:59:43.335Z');
INSERT INTO "assignments" ("id", "consultant_id", "engagement_id", "role", "start_date", "end_date", "allocation_percentage", "created_at", "updated_at") VALUES ('asgn_0067_A3uBkL64', 'con_0038_dk7TAGMu', 'eng_0045_IDHxflbU', 'analyst', '2026-03-02', '2026-04-06', 80, '2026-03-24T12:59:43.335Z', '2026-03-24T12:59:43.335Z');
INSERT INTO "assignments" ("id", "consultant_id", "engagement_id", "role", "start_date", "end_date", "allocation_percentage", "created_at", "updated_at") VALUES ('asgn_0068_JuGqfONH', 'con_0022_e5TTDllJ', 'eng_0046_AvB1SVzH', 'lead', '2026-04-06', '2026-06-15', 40, '2026-03-24T12:59:43.335Z', '2026-03-24T12:59:43.335Z');
INSERT INTO "assignments" ("id", "consultant_id", "engagement_id", "role", "start_date", "end_date", "allocation_percentage", "created_at", "updated_at") VALUES ('asgn_0069_gAm5U8Wr', 'con_0028_xWnXUc46', 'eng_0046_AvB1SVzH', 'consultant', '2026-04-06', '2026-06-15', 80, '2026-03-24T12:59:43.335Z', '2026-03-24T12:59:43.335Z');
INSERT INTO "assignments" ("id", "consultant_id", "engagement_id", "role", "start_date", "end_date", "allocation_percentage", "created_at", "updated_at") VALUES ('asgn_0070_bxSJOEGQ', 'con_0039_bhaT4wpY', 'eng_0046_AvB1SVzH', 'analyst', '2026-04-06', '2026-06-15', 80, '2026-03-24T12:59:43.335Z', '2026-03-24T12:59:43.335Z');
INSERT INTO "assignments" ("id", "consultant_id", "engagement_id", "role", "start_date", "end_date", "allocation_percentage", "created_at", "updated_at") VALUES ('asgn_0071_fudZW2HV', 'con_0024_XQinQjay', 'eng_0047_JVVr7ZQ7', 'manager', '2026-03-16', '2026-05-04', 60, '2026-03-24T12:59:43.335Z', '2026-03-24T12:59:43.335Z');
INSERT INTO "assignments" ("id", "consultant_id", "engagement_id", "role", "start_date", "end_date", "allocation_percentage", "created_at", "updated_at") VALUES ('asgn_0072_bzU2HiVY', 'con_0030_KNM5u3yr', 'eng_0047_JVVr7ZQ7', 'consultant', '2026-03-16', '2026-05-04', 60, '2026-03-24T12:59:43.335Z', '2026-03-24T12:59:43.335Z');
INSERT INTO "assignments" ("id", "consultant_id", "engagement_id", "role", "start_date", "end_date", "allocation_percentage", "created_at", "updated_at") VALUES ('asgn_0073_WtRQjP2A', 'con_0036_798DblTt', 'eng_0047_JVVr7ZQ7', 'analyst', '2026-03-16', '2026-05-04', 60, '2026-03-24T12:59:43.335Z', '2026-03-24T12:59:43.335Z');
INSERT INTO "assignments" ("id", "consultant_id", "engagement_id", "role", "start_date", "end_date", "allocation_percentage", "created_at", "updated_at") VALUES ('asgn_0074_e74HlI4j', 'con_0025_NTkn5z2s', 'eng_0048_kN0koxVl', 'lead', '2026-04-13', '2026-07-06', 100, '2026-03-24T12:59:43.335Z', '2026-03-24T12:59:43.335Z');
INSERT INTO "assignments" ("id", "consultant_id", "engagement_id", "role", "start_date", "end_date", "allocation_percentage", "created_at", "updated_at") VALUES ('asgn_0075_xNjCSCe1', 'con_0040_BhA9tx3k', 'eng_0048_kN0koxVl', 'analyst', '2026-04-13', '2026-07-06', 100, '2026-03-24T12:59:43.335Z', '2026-03-24T12:59:43.335Z');

-- ── Wellbeing Signals ──
INSERT INTO "wellbeing_signals" ("id", "consultant_id", "signal_type", "severity", "recorded_at", "created_at") VALUES ('ws_0076_R1SwWNZl', 'con_0021_mDDx5Pjb', 'overwork', 'high', '2026-03-24', '2026-03-24T12:59:43.335Z');
INSERT INTO "wellbeing_signals" ("id", "consultant_id", "signal_type", "severity", "recorded_at", "created_at") VALUES ('ws_0077_LotCSZLp', 'con_0028_xWnXUc46', 'no_break', 'medium', '2026-03-24', '2026-03-24T12:59:43.335Z');
INSERT INTO "wellbeing_signals" ("id", "consultant_id", "signal_type", "severity", "recorded_at", "created_at") VALUES ('ws_0078_qJe6lhie', 'con_0022_e5TTDllJ', 'weekend_work', 'medium', '2026-03-24', '2026-03-24T12:59:43.335Z');
INSERT INTO "wellbeing_signals" ("id", "consultant_id", "signal_type", "severity", "recorded_at", "created_at") VALUES ('ws_0079_21ZqnGdW', 'con_0030_KNM5u3yr', 'overwork', 'high', '2026-03-24', '2026-03-24T12:59:43.335Z');
INSERT INTO "wellbeing_signals" ("id", "consultant_id", "signal_type", "severity", "recorded_at", "created_at") VALUES ('ws_0080_M5pSWsCa', 'con_0024_XQinQjay', 'high_travel', 'low', '2026-03-24', '2026-03-24T12:59:43.335Z');
INSERT INTO "wellbeing_signals" ("id", "consultant_id", "signal_type", "severity", "recorded_at", "created_at") VALUES ('ws_0081_ZeWEBvea', 'con_0023_KEQEz5mg', 'overwork', 'high', '2026-03-24', '2026-03-24T12:59:43.335Z');

COMMIT;

-- Done! Check your tables in Supabase Table Editor.
